<?xml version="1.0"?>
<!DOCTYPE hibernate-mapping PUBLIC "-//Hibernate/Hibernate Mapping DTD 3.0//EN"
"http://hibernate.sourceforge.net/hibernate-mapping-3.0.dtd">
<!-- Generated 2013-10-22 15:28:34 by Hibernate Tools 3.4.0.CR1 -->
<hibernate-mapping>
    <class name="com.ocean.stock.entity.Stock" table="stock_stock" schema="stock">
    	<cache usage="read-write" include="all"/>
        <id name="id" type="long">
            <column name="id" precision="5" scale="0" />
            <generator class="assigned" />
        </id>
        <property name="status" type="integer">
            <column name="status" length="1" />
        </property>
        <property name="createTime" type="timestamp">
            <column name="createTime" length="32" />
        </property>
         <property name="updateTime" type="timestamp">
            <column name="updateTime" length="32" />
        </property>
    </class>
</hibernate-mapping>