<?xml version="1.0"?>
<!DOCTYPE hibernate-mapping PUBLIC "-//Hibernate/Hibernate Mapping DTD 3.0//EN"
"http://hibernate.sourceforge.net/hibernate-mapping-3.0.dtd">
<!-- Generated 2013-10-22 15:28:34 by Hibernate Tools 3.4.0.CR1 -->
<hibernate-mapping>
    <class name="com.ocean.stock.entity.User" table="stock_user" schema="stock">
        <id name="id" type="int">
            <column name="id" precision="5" scale="0" />
            <generator class="assigned" />
        </id>
        <property name="userName" type="string">
            <column name="user_name" length="20" />
        </property>
        <property name="realName" type="string">
            <column name="real_name" length="20" />
        </property>
         <property name="nickName" type="string">
            <column name="nick_name" length="20" />
        </property>
        <property name="passWord" type="string">
            <column name="pass_word" length="20" />
        </property>
        <property name="createTime" type="date">
            <column name="create_time" length="32" />
        </property>
        <property name="updateTime" type="date">
            <column name="update_time" length="32" />
        </property>
        <property name="status" type="integer">
            <column name="status" length="1" />
        </property>
         <property name="headImg" type="string">
            <column name="head_img" length="100" />
        </property>
        <property name="sex" type="integer">
            <column name="sex" length="1" />
        </property>
        
    </class>
</hibernate-mapping>