<?xml version="1.0" encoding="UTF-8"?>
<!DOCTYPE mapper PUBLIC "-//mybatis.org//DTD Mapper 3.0//EN" "http://mybatis.org/dtd/mybatis-3-mapper.dtd">
<mapper namespace="com.ocean.stock.dao.UserMapper">
  <resultMap id="BaseResultMap" type="com.ocean.stock.entity.User">
    <id column="id" jdbcType="BIGINT" property="id" />
    <result column="openid" jdbcType="VARCHAR" property="openid" />
    <result column="name" jdbcType="VARCHAR" property="name" />
    <result column="nick_name" jdbcType="VARCHAR" property="nickName" />
    <result column="create_time" jdbcType="TIMESTAMP" property="createTime" />
    <result column="update_time" jdbcType="TIMESTAMP" property="updateTime" />
    <result column="status" jdbcType="SMALLINT" property="status" />
    <result column="invalid" jdbcType="BIT" property="invalid" />
    <result column="type" jdbcType="SMALLINT" property="type" />
  </resultMap>
  <sql id="Base_Column_List">
    id, openid, name, nick_name, create_time, update_time, status, invalid, type
  </sql>
  <select id="selectByPrimaryKey" parameterType="java.lang.Long" resultMap="BaseResultMap">
    select 
    <include refid="Base_Column_List" />
    from t_stock_user
    where id = #{id,jdbcType=BIGINT}
  </select>
  <delete id="deleteByPrimaryKey" parameterType="java.lang.Long">
    delete from t_stock_user
    where id = #{id,jdbcType=BIGINT}
  </delete>
  <insert id="insert" parameterType="com.ocean.stock.entity.User">
    insert into t_stock_user (id, openid, name, 
      nick_name, create_time, update_time, 
      status, invalid, type
      )
    values (#{id,jdbcType=BIGINT}, #{openid,jdbcType=VARCHAR}, #{name,jdbcType=VARCHAR}, 
      #{nickName,jdbcType=VARCHAR}, #{createTime,jdbcType=TIMESTAMP}, #{updateTime,jdbcType=TIMESTAMP}, 
      #{status,jdbcType=SMALLINT}, #{invalid,jdbcType=BIT}, #{type,jdbcType=SMALLINT}
      )
  </insert>
  <insert id="insertSelective" parameterType="com.ocean.stock.entity.User">
    insert into t_stock_user
    <trim prefix="(" suffix=")" suffixOverrides=",">
      <if test="id != null">
        id,
      </if>
      <if test="openid != null">
        openid,
      </if>
      <if test="name != null">
        name,
      </if>
      <if test="nickName != null">
        nick_name,
      </if>
      <if test="createTime != null">
        create_time,
      </if>
      <if test="updateTime != null">
        update_time,
      </if>
      <if test="status != null">
        status,
      </if>
      <if test="invalid != null">
        invalid,
      </if>
      <if test="type != null">
        type,
      </if>
    </trim>
    <trim prefix="values (" suffix=")" suffixOverrides=",">
      <if test="id != null">
        #{id,jdbcType=BIGINT},
      </if>
      <if test="openid != null">
        #{openid,jdbcType=VARCHAR},
      </if>
      <if test="name != null">
        #{name,jdbcType=VARCHAR},
      </if>
      <if test="nickName != null">
        #{nickName,jdbcType=VARCHAR},
      </if>
      <if test="createTime != null">
        #{createTime,jdbcType=TIMESTAMP},
      </if>
      <if test="updateTime != null">
        #{updateTime,jdbcType=TIMESTAMP},
      </if>
      <if test="status != null">
        #{status,jdbcType=SMALLINT},
      </if>
      <if test="invalid != null">
        #{invalid,jdbcType=BIT},
      </if>
      <if test="type != null">
        #{type,jdbcType=SMALLINT},
      </if>
    </trim>
  </insert>
  <update id="updateByPrimaryKeySelective" parameterType="com.ocean.stock.entity.User">
    update t_stock_user
    <set>
      <if test="openid != null">
        openid = #{openid,jdbcType=VARCHAR},
      </if>
      <if test="name != null">
        name = #{name,jdbcType=VARCHAR},
      </if>
      <if test="nickName != null">
        nick_name = #{nickName,jdbcType=VARCHAR},
      </if>
      <if test="createTime != null">
        create_time = #{createTime,jdbcType=TIMESTAMP},
      </if>
      <if test="updateTime != null">
        update_time = #{updateTime,jdbcType=TIMESTAMP},
      </if>
      <if test="status != null">
        status = #{status,jdbcType=SMALLINT},
      </if>
      <if test="invalid != null">
        invalid = #{invalid,jdbcType=BIT},
      </if>
      <if test="type != null">
        type = #{type,jdbcType=SMALLINT},
      </if>
    </set>
    where id = #{id,jdbcType=BIGINT}
  </update>
  <update id="updateByPrimaryKey" parameterType="com.ocean.stock.entity.User">
    update t_stock_user
    set openid = #{openid,jdbcType=VARCHAR},
      name = #{name,jdbcType=VARCHAR},
      nick_name = #{nickName,jdbcType=VARCHAR},
      create_time = #{createTime,jdbcType=TIMESTAMP},
      update_time = #{updateTime,jdbcType=TIMESTAMP},
      status = #{status,jdbcType=SMALLINT},
      invalid = #{invalid,jdbcType=BIT},
      type = #{type,jdbcType=SMALLINT}
    where id = #{id,jdbcType=BIGINT}
  </update>
  <resultMap id="BaseResultMap" type="com.ocean.stock.entity.User">
    <id column="id" jdbcType="BIGINT" property="id" />
    <result column="openid" jdbcType="VARCHAR" property="openid" />
    <result column="name" jdbcType="VARCHAR" property="name" />
    <result column="nick_name" jdbcType="VARCHAR" property="nickName" />
    <result column="create_time" jdbcType="TIMESTAMP" property="createTime" />
    <result column="update_time" jdbcType="TIMESTAMP" property="updateTime" />
    <result column="status" jdbcType="SMALLINT" property="status" />
    <result column="invalid" jdbcType="BIT" property="invalid" />
    <result column="type" jdbcType="SMALLINT" property="type" />
  </resultMap>
  <sql id="Base_Column_List">
    id, openid, name, nick_name, create_time, update_time, status, invalid, type
  </sql>
  <select id="selectByPrimaryKey" parameterType="java.lang.Long" resultMap="BaseResultMap">
    select 
    <include refid="Base_Column_List" />
    from t_stock_user
    where id = #{id,jdbcType=BIGINT}
  </select>
  <delete id="deleteByPrimaryKey" parameterType="java.lang.Long">
    delete from t_stock_user
    where id = #{id,jdbcType=BIGINT}
  </delete>
  <insert id="insert" parameterType="com.ocean.stock.entity.User">
    insert into t_stock_user (id, openid, name, 
      nick_name, create_time, update_time, 
      status, invalid, type
      )
    values (#{id,jdbcType=BIGINT}, #{openid,jdbcType=VARCHAR}, #{name,jdbcType=VARCHAR}, 
      #{nickName,jdbcType=VARCHAR}, #{createTime,jdbcType=TIMESTAMP}, #{updateTime,jdbcType=TIMESTAMP}, 
      #{status,jdbcType=SMALLINT}, #{invalid,jdbcType=BIT}, #{type,jdbcType=SMALLINT}
      )
  </insert>
  <insert id="insertSelective" parameterType="com.ocean.stock.entity.User">
    insert into t_stock_user
    <trim prefix="(" suffix=")" suffixOverrides=",">
      <if test="id != null">
        id,
      </if>
      <if test="openid != null">
        openid,
      </if>
      <if test="name != null">
        name,
      </if>
      <if test="nickName != null">
        nick_name,
      </if>
      <if test="createTime != null">
        create_time,
      </if>
      <if test="updateTime != null">
        update_time,
      </if>
      <if test="status != null">
        status,
      </if>
      <if test="invalid != null">
        invalid,
      </if>
      <if test="type != null">
        type,
      </if>
    </trim>
    <trim prefix="values (" suffix=")" suffixOverrides=",">
      <if test="id != null">
        #{id,jdbcType=BIGINT},
      </if>
      <if test="openid != null">
        #{openid,jdbcType=VARCHAR},
      </if>
      <if test="name != null">
        #{name,jdbcType=VARCHAR},
      </if>
      <if test="nickName != null">
        #{nickName,jdbcType=VARCHAR},
      </if>
      <if test="createTime != null">
        #{createTime,jdbcType=TIMESTAMP},
      </if>
      <if test="updateTime != null">
        #{updateTime,jdbcType=TIMESTAMP},
      </if>
      <if test="status != null">
        #{status,jdbcType=SMALLINT},
      </if>
      <if test="invalid != null">
        #{invalid,jdbcType=BIT},
      </if>
      <if test="type != null">
        #{type,jdbcType=SMALLINT},
      </if>
    </trim>
  </insert>
  <update id="updateByPrimaryKeySelective" parameterType="com.ocean.stock.entity.User">
    update t_stock_user
    <set>
      <if test="openid != null">
        openid = #{openid,jdbcType=VARCHAR},
      </if>
      <if test="name != null">
        name = #{name,jdbcType=VARCHAR},
      </if>
      <if test="nickName != null">
        nick_name = #{nickName,jdbcType=VARCHAR},
      </if>
      <if test="createTime != null">
        create_time = #{createTime,jdbcType=TIMESTAMP},
      </if>
      <if test="updateTime != null">
        update_time = #{updateTime,jdbcType=TIMESTAMP},
      </if>
      <if test="status != null">
        status = #{status,jdbcType=SMALLINT},
      </if>
      <if test="invalid != null">
        invalid = #{invalid,jdbcType=BIT},
      </if>
      <if test="type != null">
        type = #{type,jdbcType=SMALLINT},
      </if>
    </set>
    where id = #{id,jdbcType=BIGINT}
  </update>
  <update id="updateByPrimaryKey" parameterType="com.ocean.stock.entity.User">
    update t_stock_user
    set openid = #{openid,jdbcType=VARCHAR},
      name = #{name,jdbcType=VARCHAR},
      nick_name = #{nickName,jdbcType=VARCHAR},
      create_time = #{createTime,jdbcType=TIMESTAMP},
      update_time = #{updateTime,jdbcType=TIMESTAMP},
      status = #{status,jdbcType=SMALLINT},
      invalid = #{invalid,jdbcType=BIT},
      type = #{type,jdbcType=SMALLINT}
    where id = #{id,jdbcType=BIGINT}
  </update>
  <resultMap id="BaseResultMap" type="com.ocean.stock.entity.User">
    <id column="id" jdbcType="BIGINT" property="id" />
    <result column="openid" jdbcType="VARCHAR" property="openid" />
    <result column="name" jdbcType="VARCHAR" property="name" />
    <result column="nick_name" jdbcType="VARCHAR" property="nickName" />
    <result column="create_time" jdbcType="TIMESTAMP" property="createTime" />
    <result column="update_time" jdbcType="TIMESTAMP" property="updateTime" />
    <result column="status" jdbcType="SMALLINT" property="status" />
    <result column="invalid" jdbcType="BIT" property="invalid" />
    <result column="type" jdbcType="SMALLINT" property="type" />
  </resultMap>
  <sql id="Base_Column_List">
    id, openid, name, nick_name, create_time, update_time, status, invalid, type
  </sql>
  <select id="selectByPrimaryKey" parameterType="java.lang.Long" resultMap="BaseResultMap">
    select 
    <include refid="Base_Column_List" />
    from t_stock_user
    where id = #{id,jdbcType=BIGINT}
  </select>
  <delete id="deleteByPrimaryKey" parameterType="java.lang.Long">
    delete from t_stock_user
    where id = #{id,jdbcType=BIGINT}
  </delete>
  <insert id="insert" parameterType="com.ocean.stock.entity.User">
    insert into t_stock_user (id, openid, name, 
      nick_name, create_time, update_time, 
      status, invalid, type
      )
    values (#{id,jdbcType=BIGINT}, #{openid,jdbcType=VARCHAR}, #{name,jdbcType=VARCHAR}, 
      #{nickName,jdbcType=VARCHAR}, #{createTime,jdbcType=TIMESTAMP}, #{updateTime,jdbcType=TIMESTAMP}, 
      #{status,jdbcType=SMALLINT}, #{invalid,jdbcType=BIT}, #{type,jdbcType=SMALLINT}
      )
  </insert>
  <insert id="insertSelective" parameterType="com.ocean.stock.entity.User">
    insert into t_stock_user
    <trim prefix="(" suffix=")" suffixOverrides=",">
      <if test="id != null">
        id,
      </if>
      <if test="openid != null">
        openid,
      </if>
      <if test="name != null">
        name,
      </if>
      <if test="nickName != null">
        nick_name,
      </if>
      <if test="createTime != null">
        create_time,
      </if>
      <if test="updateTime != null">
        update_time,
      </if>
      <if test="status != null">
        status,
      </if>
      <if test="invalid != null">
        invalid,
      </if>
      <if test="type != null">
        type,
      </if>
    </trim>
    <trim prefix="values (" suffix=")" suffixOverrides=",">
      <if test="id != null">
        #{id,jdbcType=BIGINT},
      </if>
      <if test="openid != null">
        #{openid,jdbcType=VARCHAR},
      </if>
      <if test="name != null">
        #{name,jdbcType=VARCHAR},
      </if>
      <if test="nickName != null">
        #{nickName,jdbcType=VARCHAR},
      </if>
      <if test="createTime != null">
        #{createTime,jdbcType=TIMESTAMP},
      </if>
      <if test="updateTime != null">
        #{updateTime,jdbcType=TIMESTAMP},
      </if>
      <if test="status != null">
        #{status,jdbcType=SMALLINT},
      </if>
      <if test="invalid != null">
        #{invalid,jdbcType=BIT},
      </if>
      <if test="type != null">
        #{type,jdbcType=SMALLINT},
      </if>
    </trim>
  </insert>
  <update id="updateByPrimaryKeySelective" parameterType="com.ocean.stock.entity.User">
    update t_stock_user
    <set>
      <if test="openid != null">
        openid = #{openid,jdbcType=VARCHAR},
      </if>
      <if test="name != null">
        name = #{name,jdbcType=VARCHAR},
      </if>
      <if test="nickName != null">
        nick_name = #{nickName,jdbcType=VARCHAR},
      </if>
      <if test="createTime != null">
        create_time = #{createTime,jdbcType=TIMESTAMP},
      </if>
      <if test="updateTime != null">
        update_time = #{updateTime,jdbcType=TIMESTAMP},
      </if>
      <if test="status != null">
        status = #{status,jdbcType=SMALLINT},
      </if>
      <if test="invalid != null">
        invalid = #{invalid,jdbcType=BIT},
      </if>
      <if test="type != null">
        type = #{type,jdbcType=SMALLINT},
      </if>
    </set>
    where id = #{id,jdbcType=BIGINT}
  </update>
  <update id="updateByPrimaryKey" parameterType="com.ocean.stock.entity.User">
    update t_stock_user
    set openid = #{openid,jdbcType=VARCHAR},
      name = #{name,jdbcType=VARCHAR},
      nick_name = #{nickName,jdbcType=VARCHAR},
      create_time = #{createTime,jdbcType=TIMESTAMP},
      update_time = #{updateTime,jdbcType=TIMESTAMP},
      status = #{status,jdbcType=SMALLINT},
      invalid = #{invalid,jdbcType=BIT},
      type = #{type,jdbcType=SMALLINT}
    where id = #{id,jdbcType=BIGINT}
  </update>
  <resultMap id="BaseResultMap" type="com.ocean.stock.entity.User">
    <id column="id" jdbcType="BIGINT" property="id" />
    <result column="openid" jdbcType="VARCHAR" property="openid" />
    <result column="name" jdbcType="VARCHAR" property="name" />
    <result column="nick_name" jdbcType="VARCHAR" property="nickName" />
    <result column="create_time" jdbcType="TIMESTAMP" property="createTime" />
    <result column="update_time" jdbcType="TIMESTAMP" property="updateTime" />
    <result column="status" jdbcType="SMALLINT" property="status" />
    <result column="invalid" jdbcType="BIT" property="invalid" />
    <result column="type" jdbcType="SMALLINT" property="type" />
  </resultMap>
  <sql id="Base_Column_List">
    id, openid, name, nick_name, create_time, update_time, status, invalid, type
  </sql>
  <select id="selectByPrimaryKey" parameterType="java.lang.Long" resultMap="BaseResultMap">
    select 
    <include refid="Base_Column_List" />
    from t_stock_user
    where id = #{id,jdbcType=BIGINT}
  </select>
  <delete id="deleteByPrimaryKey" parameterType="java.lang.Long">
    delete from t_stock_user
    where id = #{id,jdbcType=BIGINT}
  </delete>
  <insert id="insert" parameterType="com.ocean.stock.entity.User">
    insert into t_stock_user (id, openid, name, 
      nick_name, create_time, update_time, 
      status, invalid, type
      )
    values (#{id,jdbcType=BIGINT}, #{openid,jdbcType=VARCHAR}, #{name,jdbcType=VARCHAR}, 
      #{nickName,jdbcType=VARCHAR}, #{createTime,jdbcType=TIMESTAMP}, #{updateTime,jdbcType=TIMESTAMP}, 
      #{status,jdbcType=SMALLINT}, #{invalid,jdbcType=BIT}, #{type,jdbcType=SMALLINT}
      )
  </insert>
  <insert id="insertSelective" parameterType="com.ocean.stock.entity.User">
    insert into t_stock_user
    <trim prefix="(" suffix=")" suffixOverrides=",">
      <if test="id != null">
        id,
      </if>
      <if test="openid != null">
        openid,
      </if>
      <if test="name != null">
        name,
      </if>
      <if test="nickName != null">
        nick_name,
      </if>
      <if test="createTime != null">
        create_time,
      </if>
      <if test="updateTime != null">
        update_time,
      </if>
      <if test="status != null">
        status,
      </if>
      <if test="invalid != null">
        invalid,
      </if>
      <if test="type != null">
        type,
      </if>
    </trim>
    <trim prefix="values (" suffix=")" suffixOverrides=",">
      <if test="id != null">
        #{id,jdbcType=BIGINT},
      </if>
      <if test="openid != null">
        #{openid,jdbcType=VARCHAR},
      </if>
      <if test="name != null">
        #{name,jdbcType=VARCHAR},
      </if>
      <if test="nickName != null">
        #{nickName,jdbcType=VARCHAR},
      </if>
      <if test="createTime != null">
        #{createTime,jdbcType=TIMESTAMP},
      </if>
      <if test="updateTime != null">
        #{updateTime,jdbcType=TIMESTAMP},
      </if>
      <if test="status != null">
        #{status,jdbcType=SMALLINT},
      </if>
      <if test="invalid != null">
        #{invalid,jdbcType=BIT},
      </if>
      <if test="type != null">
        #{type,jdbcType=SMALLINT},
      </if>
    </trim>
  </insert>
  <update id="updateByPrimaryKeySelective" parameterType="com.ocean.stock.entity.User">
    update t_stock_user
    <set>
      <if test="openid != null">
        openid = #{openid,jdbcType=VARCHAR},
      </if>
      <if test="name != null">
        name = #{name,jdbcType=VARCHAR},
      </if>
      <if test="nickName != null">
        nick_name = #{nickName,jdbcType=VARCHAR},
      </if>
      <if test="createTime != null">
        create_time = #{createTime,jdbcType=TIMESTAMP},
      </if>
      <if test="updateTime != null">
        update_time = #{updateTime,jdbcType=TIMESTAMP},
      </if>
      <if test="status != null">
        status = #{status,jdbcType=SMALLINT},
      </if>
      <if test="invalid != null">
        invalid = #{invalid,jdbcType=BIT},
      </if>
      <if test="type != null">
        type = #{type,jdbcType=SMALLINT},
      </if>
    </set>
    where id = #{id,jdbcType=BIGINT}
  </update>
  <update id="updateByPrimaryKey" parameterType="com.ocean.stock.entity.User">
    update t_stock_user
    set openid = #{openid,jdbcType=VARCHAR},
      name = #{name,jdbcType=VARCHAR},
      nick_name = #{nickName,jdbcType=VARCHAR},
      create_time = #{createTime,jdbcType=TIMESTAMP},
      update_time = #{updateTime,jdbcType=TIMESTAMP},
      status = #{status,jdbcType=SMALLINT},
      invalid = #{invalid,jdbcType=BIT},
      type = #{type,jdbcType=SMALLINT}
    where id = #{id,jdbcType=BIGINT}
  </update>
  <resultMap id="BaseResultMap" type="com.ocean.stock.entity.User">
    <id column="id" jdbcType="BIGINT" property="id" />
    <result column="openid" jdbcType="VARCHAR" property="openid" />
    <result column="name" jdbcType="VARCHAR" property="name" />
    <result column="nick_name" jdbcType="VARCHAR" property="nickName" />
    <result column="create_time" jdbcType="TIMESTAMP" property="createTime" />
    <result column="update_time" jdbcType="TIMESTAMP" property="updateTime" />
    <result column="status" jdbcType="SMALLINT" property="status" />
    <result column="invalid" jdbcType="BIT" property="invalid" />
    <result column="type" jdbcType="SMALLINT" property="type" />
  </resultMap>
  <sql id="Base_Column_List">
    id, openid, name, nick_name, create_time, update_time, status, invalid, type
  </sql>
  <select id="selectByPrimaryKey" parameterType="java.lang.Long" resultMap="BaseResultMap">
    select 
    <include refid="Base_Column_List" />
    from t_stock_user
    where id = #{id,jdbcType=BIGINT}
  </select>
  <delete id="deleteByPrimaryKey" parameterType="java.lang.Long">
    delete from t_stock_user
    where id = #{id,jdbcType=BIGINT}
  </delete>
  <insert id="insert" parameterType="com.ocean.stock.entity.User">
    insert into t_stock_user (id, openid, name, 
      nick_name, create_time, update_time, 
      status, invalid, type
      )
    values (#{id,jdbcType=BIGINT}, #{openid,jdbcType=VARCHAR}, #{name,jdbcType=VARCHAR}, 
      #{nickName,jdbcType=VARCHAR}, #{createTime,jdbcType=TIMESTAMP}, #{updateTime,jdbcType=TIMESTAMP}, 
      #{status,jdbcType=SMALLINT}, #{invalid,jdbcType=BIT}, #{type,jdbcType=SMALLINT}
      )
  </insert>
  <insert id="insertSelective" parameterType="com.ocean.stock.entity.User">
    insert into t_stock_user
    <trim prefix="(" suffix=")" suffixOverrides=",">
      <if test="id != null">
        id,
      </if>
      <if test="openid != null">
        openid,
      </if>
      <if test="name != null">
        name,
      </if>
      <if test="nickName != null">
        nick_name,
      </if>
      <if test="createTime != null">
        create_time,
      </if>
      <if test="updateTime != null">
        update_time,
      </if>
      <if test="status != null">
        status,
      </if>
      <if test="invalid != null">
        invalid,
      </if>
      <if test="type != null">
        type,
      </if>
    </trim>
    <trim prefix="values (" suffix=")" suffixOverrides=",">
      <if test="id != null">
        #{id,jdbcType=BIGINT},
      </if>
      <if test="openid != null">
        #{openid,jdbcType=VARCHAR},
      </if>
      <if test="name != null">
        #{name,jdbcType=VARCHAR},
      </if>
      <if test="nickName != null">
        #{nickName,jdbcType=VARCHAR},
      </if>
      <if test="createTime != null">
        #{createTime,jdbcType=TIMESTAMP},
      </if>
      <if test="updateTime != null">
        #{updateTime,jdbcType=TIMESTAMP},
      </if>
      <if test="status != null">
        #{status,jdbcType=SMALLINT},
      </if>
      <if test="invalid != null">
        #{invalid,jdbcType=BIT},
      </if>
      <if test="type != null">
        #{type,jdbcType=SMALLINT},
      </if>
    </trim>
  </insert>
  <update id="updateByPrimaryKeySelective" parameterType="com.ocean.stock.entity.User">
    update t_stock_user
    <set>
      <if test="openid != null">
        openid = #{openid,jdbcType=VARCHAR},
      </if>
      <if test="name != null">
        name = #{name,jdbcType=VARCHAR},
      </if>
      <if test="nickName != null">
        nick_name = #{nickName,jdbcType=VARCHAR},
      </if>
      <if test="createTime != null">
        create_time = #{createTime,jdbcType=TIMESTAMP},
      </if>
      <if test="updateTime != null">
        update_time = #{updateTime,jdbcType=TIMESTAMP},
      </if>
      <if test="status != null">
        status = #{status,jdbcType=SMALLINT},
      </if>
      <if test="invalid != null">
        invalid = #{invalid,jdbcType=BIT},
      </if>
      <if test="type != null">
        type = #{type,jdbcType=SMALLINT},
      </if>
    </set>
    where id = #{id,jdbcType=BIGINT}
  </update>
  <update id="updateByPrimaryKey" parameterType="com.ocean.stock.entity.User">
    update t_stock_user
    set openid = #{openid,jdbcType=VARCHAR},
      name = #{name,jdbcType=VARCHAR},
      nick_name = #{nickName,jdbcType=VARCHAR},
      create_time = #{createTime,jdbcType=TIMESTAMP},
      update_time = #{updateTime,jdbcType=TIMESTAMP},
      status = #{status,jdbcType=SMALLINT},
      invalid = #{invalid,jdbcType=BIT},
      type = #{type,jdbcType=SMALLINT}
    where id = #{id,jdbcType=BIGINT}
  </update>
  <resultMap id="BaseResultMap" type="com.ocean.stock.entity.User">
    <id column="id" jdbcType="BIGINT" property="id" />
    <result column="openid" jdbcType="VARCHAR" property="openid" />
    <result column="name" jdbcType="VARCHAR" property="name" />
    <result column="nick_name" jdbcType="VARCHAR" property="nickName" />
    <result column="create_time" jdbcType="TIMESTAMP" property="createTime" />
    <result column="update_time" jdbcType="TIMESTAMP" property="updateTime" />
    <result column="status" jdbcType="SMALLINT" property="status" />
    <result column="invalid" jdbcType="BIT" property="invalid" />
    <result column="type" jdbcType="SMALLINT" property="type" />
  </resultMap>
  <sql id="Base_Column_List">
    id, openid, name, nick_name, create_time, update_time, status, invalid, type
  </sql>
  <select id="selectByPrimaryKey" parameterType="java.lang.Long" resultMap="BaseResultMap">
    select 
    <include refid="Base_Column_List" />
    from t_stock_user
    where id = #{id,jdbcType=BIGINT}
  </select>
  <delete id="deleteByPrimaryKey" parameterType="java.lang.Long">
    delete from t_stock_user
    where id = #{id,jdbcType=BIGINT}
  </delete>
  <insert id="insert" parameterType="com.ocean.stock.entity.User">
    insert into t_stock_user (id, openid, name, 
      nick_name, create_time, update_time, 
      status, invalid, type
      )
    values (#{id,jdbcType=BIGINT}, #{openid,jdbcType=VARCHAR}, #{name,jdbcType=VARCHAR}, 
      #{nickName,jdbcType=VARCHAR}, #{createTime,jdbcType=TIMESTAMP}, #{updateTime,jdbcType=TIMESTAMP}, 
      #{status,jdbcType=SMALLINT}, #{invalid,jdbcType=BIT}, #{type,jdbcType=SMALLINT}
      )
  </insert>
  <insert id="insertSelective" parameterType="com.ocean.stock.entity.User">
    insert into t_stock_user
    <trim prefix="(" suffix=")" suffixOverrides=",">
      <if test="id != null">
        id,
      </if>
      <if test="openid != null">
        openid,
      </if>
      <if test="name != null">
        name,
      </if>
      <if test="nickName != null">
        nick_name,
      </if>
      <if test="createTime != null">
        create_time,
      </if>
      <if test="updateTime != null">
        update_time,
      </if>
      <if test="status != null">
        status,
      </if>
      <if test="invalid != null">
        invalid,
      </if>
      <if test="type != null">
        type,
      </if>
    </trim>
    <trim prefix="values (" suffix=")" suffixOverrides=",">
      <if test="id != null">
        #{id,jdbcType=BIGINT},
      </if>
      <if test="openid != null">
        #{openid,jdbcType=VARCHAR},
      </if>
      <if test="name != null">
        #{name,jdbcType=VARCHAR},
      </if>
      <if test="nickName != null">
        #{nickName,jdbcType=VARCHAR},
      </if>
      <if test="createTime != null">
        #{createTime,jdbcType=TIMESTAMP},
      </if>
      <if test="updateTime != null">
        #{updateTime,jdbcType=TIMESTAMP},
      </if>
      <if test="status != null">
        #{status,jdbcType=SMALLINT},
      </if>
      <if test="invalid != null">
        #{invalid,jdbcType=BIT},
      </if>
      <if test="type != null">
        #{type,jdbcType=SMALLINT},
      </if>
    </trim>
  </insert>
  <update id="updateByPrimaryKeySelective" parameterType="com.ocean.stock.entity.User">
    update t_stock_user
    <set>
      <if test="openid != null">
        openid = #{openid,jdbcType=VARCHAR},
      </if>
      <if test="name != null">
        name = #{name,jdbcType=VARCHAR},
      </if>
      <if test="nickName != null">
        nick_name = #{nickName,jdbcType=VARCHAR},
      </if>
      <if test="createTime != null">
        create_time = #{createTime,jdbcType=TIMESTAMP},
      </if>
      <if test="updateTime != null">
        update_time = #{updateTime,jdbcType=TIMESTAMP},
      </if>
      <if test="status != null">
        status = #{status,jdbcType=SMALLINT},
      </if>
      <if test="invalid != null">
        invalid = #{invalid,jdbcType=BIT},
      </if>
      <if test="type != null">
        type = #{type,jdbcType=SMALLINT},
      </if>
    </set>
    where id = #{id,jdbcType=BIGINT}
  </update>
  <update id="updateByPrimaryKey" parameterType="com.ocean.stock.entity.User">
    update t_stock_user
    set openid = #{openid,jdbcType=VARCHAR},
      name = #{name,jdbcType=VARCHAR},
      nick_name = #{nickName,jdbcType=VARCHAR},
      create_time = #{createTime,jdbcType=TIMESTAMP},
      update_time = #{updateTime,jdbcType=TIMESTAMP},
      status = #{status,jdbcType=SMALLINT},
      invalid = #{invalid,jdbcType=BIT},
      type = #{type,jdbcType=SMALLINT}
    where id = #{id,jdbcType=BIGINT}
  </update>
</mapper>